"Keyword","Number of occurrences"
"Utensils",164
"Kitchen",138
"Silicone",61
"Spatula",43
"Tools",40
"Steel",30
"Heat",28
"Resistant",28
"Stainless",27
"Cookware",26
"Spoons",26
"Wooden",26
"Non-Stick",22
"Nonstick",21
"Piece",17
"Gadgets",17
"Tongs",16
"Nylon",15
"Pcs",15
"Turner",15
"Holder",14
"BPA",13
"Free",12
"Whisk",11
"Pans",8
"Wood",8
"Natural",7
"Hero",6
"Ladle",6
"Accessories",6
"Safe",6
"Black",5
"Dishwasher",5
"Gift",5
"BPA-Free",5
"Useful",4
"Pots",4
"bowls",4
"NAYAHOSE",4
"Acacia",4
"Brush",4
"Green",4
"Zulay",3
"Flexible",3
"SetSilicone",3
"premium",3
"Server",3
"HolderKitchen",3
"Colorful",3
"Easy",3
"Great",3
"Teak",3
"Hard",3
"Fungun",3
"Gray",3
"Sets",3
"Grill",3
"Mint",3
"Grips",3
"Dish",3
"Spaghetti",2
"Tungs",2
"Potato",2
"Masher",2
"salad",2
"SpoonsWooden",2
"GadgetsHome",2
"Toxic",2
"Stick",2
"Decor",2
"Non-Toxic",2
"Cups",2
"BBQ",2
"Barbecue",2
"Hardwood",2
"Rubber",2
"Core",2
"Grey",2
"Rack",2